ANNO_RIL;IDAREA;TIPOAREA;PAESE;PROVINCI;COMUNE;IDSQUADRA;IDONEITA;DATARIL;COORDN;COORDE;ALTITUD;ESPOSIZ;DISPH2O;T_HUMUS;ETAMEDIA;CATFOR;SCATFOR;COORDN_C;COORDE_C;FIXGPS_C;PIC;TRAS_PIC;T_PIC_AZ;T_PIC_DS;DATAUP
2015;C1052;C;5;CZ;Petilia Policastro;CL03;1;2015-08-05;390727.00;164448.00;18;2;2;2;3;5;52;4331809.62;650919.53;170;1;0;0.00;0.00;2015-09-15
2015;C2055;C;5;CZ;Taverna;CL03;1;2015-08-24;390733.00;163015.00;26;2;2;1;3;5;52;4331825.82;629923.66;170;1;0;0.00;0.00;2015-09-15
2015;C2056;C;5;CZ;Scandale;CL03;1;2015-08-03;390707.00;170129.00;3;3;1;7;3;17;192;4331742.17;675018.64;170;1;0;0.00;0.00;2015-09-15
2015;C0875;C;5;PZ;Pescopagano;BA01;3;2015-07-13;405154.00;152620.00;12;1;2;1;2;10;102;4523890.32;537044.87;170;1;0;0.00;0.00;2015-09-16
2015;C0927;C;5;PZ;Calvello;BA01;1;2015-08-11;402550.00;154930.00;30;4;2;2;4;8;84;4475873.20;569977.85;170;1;1;0.00;0.00;2015-09-16
2015;C0947;C;5;PZ;Grumento Nova;BA01;1;2015-08-13;401744.00;154924.00;14;5;2;3;8;9;92;4460775.13;569939.84;170;1;2;0.00;0.00;2015-09-16
2015;C2047;C;5;PZ;Bella;BA01;1;2015-08-06;404518.00;153902.00;20;3;2;1;3;8;84;4511741.06;554866.21;170;1;2;0.00;0.00;2015-09-16
2015;C2048;C;5;MT;Calciano;BA01;1;2015-07-13;403518.00;161033.00;8;2;2;3;2;6;63;4493724.13;599503.18;170;1;2;0.00;0.00;2015-09-16
2015;C2049;C;5;PZ;Brienza;BA01;1;2015-08-10;402554.00;153854.00;21;2;2;1;8;8;84;4475823.62;554909.28;170;1;2;0.00;0.00;2015-09-16
2015;C2050;C;5;MT;Tursi;BA01;1;2015-07-14;401535.00;163140.00;4;8;1;3;2;6;63;4457830.62;629864.66;170;1;2;0.00;0.00;2015-09-16
2015;C2051;C;5;PZ;Viggianello;BA01;1;2015-08-25;395623.00;161033.00;26;2;2;2;3;8;84;4421728.82;600458.23;170;1;2;0.00;0.00;2015-09-16
2015;C2066;C;5;PS;Frontone;MA03;1;2015-08-11;432922.00;124242.00;11;4;2;2;3;12;121;4817778.92;314931.83;170;1;0;0.00;0.00;2015-09-16
2015;C0504;C;5;PS;Montegrimano;MA03;2;2015-08-21;435150.00;122826.00;10;6;2;1;3;9;94;4859858.05;296911.72;170;1;2;0.00;0.00;2015-09-16
2015;C0563;C;5;AR;Cortona;TO01;1;2015-09-02;431719.00;120741.00;11;7;2;2;7;11;112;4797506.82;753689.78;170;1;0;0.00;0.00;2015-09-16
2015;C2008;C;5;MS;Comano;TO05;1;2015-08-20;441908.00;100612.00;15;7;2;2;2;10;102;4907797.16;587953.82;170;1;0;0.00;0.00;2015-09-17
2015;C0056;C;5;BL;S. Vito di Cadore;VE02;1;2015-08-06;462656.00;120942.00;29;6;2;2;5;2;23;5148682.18;742740.71;170;1;2;0.00;0.00;2015-09-17
2015;C0057;C;5;BL;Pieve di Cadore;VE02;1;2015-07-29;462717.00;122124.00;26;2;2;2;4;2;22;5150038.81;757708.39;170;1;2;0.00;0.00;2015-09-17
2015;C0174;C;5;AO;Quart;VA01;1;2015-08-20;454617.00;72551.00;31;5;2;3;7;1;11;5069795.34;377926.75;0;1;2;0.00;0.00;2015-09-17
2015;C2062;C;5;AO;Morgex;VA01;1;2015-08-06;454557.00;70243.00;24;5;2;3;5;4;46;5069784.32;347939.97;0;1;2;0.00;0.00;2015-09-17
2015;C2063;C;5;AO;Gressoney-Saint-Jean;VA01;1;2015-07-14;454635.00;74900.00;31;3;2;3;5;1;13;5069652.34;406223.53;0;1;2;0.00;0.00;2015-09-17
2015;C2064;C;5;AO;Champorcher;VA01;1;2015-08-17;453645.00;73740.00;31;5;2;3;6;1;11;5051794.17;392916.55;0;1;2;0.00;0.00;2015-09-17
2015;C2065;C;5;AO;Perloz;VA01;1;2015-07-30;453652.00;74912.00;14;7;2;2;4;11;111;5051941.99;408380.39;0;1;2;0.00;0.00;2015-09-17
2015;C2045;C;5;LT;Campo di Mele;LA02;1;2015-09-02;412250.00;133000.00;16;8;2;2;2;9;92;4582089.21;374574.25;170;2;2;0.00;0.00;2015-09-17
2015;C0127;C;5;TN;Trento;TR02;1;2015-07-23;460157.00;110842.00;8;7;2;1;3;4;41;5099804.79;665913.82;170;1;2;0.00;0.00;2015-09-30
2015;C0101;C;5;TN;Castello Tesino;TR02;1;2015-08-12;461107.00;113442.00;31;7;1;3;8;1;12;5117794.61;698918.08;170;1;2;0.00;0.00;2015-09-30
2015;C0100;C;5;TN;Bedollo;TR02;1;2015-08-06;461125.00;112044.00;28;4;2;2;8;2;21;5117826.83;680939.60;170;1;1;250.00;15.00;2015-09-30
2015;C2054;C;5;CS;S. Giovanni in Fiore;CL03;1;2015-07-24;391704.00;164054.00;25;4;2;3;2;5;51;4349818.25;644950.14;170;1;2;0.00;0.00;2015-09-30
2015;C1024;C;5;CS;Luzzi;CL03;1;2015-07-29;392531.00;162215.00;22;3;2;2;2;10;102;4364817.45;617861.28;170;2;2;0.00;0.00;2015-09-30
2015;C1049;C;5;CS;Aiello Calabro;CL03;1;2015-07-27;390748.00;161129.00;17;7;2;2;2;13;133;4331792.01;603051.04;170;2;2;0.00;0.00;2015-09-30
2015;C1012;C;5;CS;San Demetrio Corone;CL03;1;2015-07-31;393338.00;162224.00;14;8;1;3;1;11;111;4379812.64;617941.66;170;2;2;0.00;0.00;2015-09-18
2015;C2053;C;5;CS;Serra Pedace;CL03;1;2015-07-22;391717.00;163027.00;31;1;2;1;3;8;84;4349818.03;629938.25;170;2;2;0.00;0.00;2015-09-18
2015;C2052;C;5;CS;Alessandria del Carretto;CL03;1;2015-08-12;395618.00;162046.00;29;3;2;2;3;14;143;4421826.41;614922.31;170;2;2;0.00;0.00;2015-09-18
2015;C0156;C;5;BS;Bienno;LO04;1;2015-08-06;455434.00;101840.00;23;6;1;1;2;14;102;5084810.84;602906.30;170;1;0;0.00;0.00;2015-09-18
2015;C0187;C;5;BS;Pisogne;LO04;1;2015-08-10;454637.00;100535.00;13;8;2;1;2;11;111;5069845.89;584977.14;170;1;2;0.00;0.00;2015-09-18
2015;C0190;C;5;BS;Tignale;LO04;1;2015-08-11;454610.00;104237.00;14;2;2;2;2;4;44;5069788.56;632940.31;170;1;2;0.00;0.00;2015-09-18
2015;C0216;C;5;BS;Caino;LO04;1;2015-08-05;453645.00;101915.00;9;1;2;2;2;9;92;5051806.03;602921.49;170;1;2;0.00;0.00;2015-09-18
2015;C2025;C;5;NU;Orune;SA01;1;2015-08-28;402553.00;91949.00;14;6;2;1;8;15;154;4475691.32;528014.23;170;1;0;0.00;0.00;2015-09-18
2015;C0161;C;5;VI;Lastebasse;VE01;1;2015-07-23;455336.00;111958.00;14;1;2;2;3;8;83;5084830.24;680933.21;170;1;2;0.00;0.00;2015-09-21
2015;C0163;C;5;VI;Cismon del Grappa;VE01;1;2015-07-25;455302.00;114528.00;21;7;2;2;5;3;31;5084845.49;713984.89;170;1;2;0.00;0.00;2015-09-21
2015;C0193;C;5;VI;Schio;VE01;1;2015-07-15;454531.00;111938.00;20;5;2;2;2;12;121;5069805.48;680901.31;170;1;2;0.00;0.00;2015-09-21
2015;C2000;C;5;VI;Nogarole Vicentino;VE01;1;2015-07-13;453545.00;111717.00;15;2;2;2;3;14;147;5051689.70;678454.03;170;1;2;0.00;0.00;2015-09-21
2015;C0120;C;5;BG;Valleve;LO01;1;2015-08-28;460300.00;94239.00;24;5;2;2;5;2;22;5099774.99;554910.17;170;1;2;0.00;0.00;2015-09-21
2015;C0153;C;5;BG;Oltre il Colle;LO01;1;2015-08-25;455454.00;94233.00;17;5;1;2;2;12;121;5084775.88;554901.98;170;1;2;0.00;0.00;2015-09-21
2015;C0154;C;5;BG;Ardesio;LO01;1;2015-08-11;455449.00;95409.00;31;2;2;1;3;8;81;5084808.44;569915.86;170;1;2;0.00;0.00;2015-09-21
2015;C0186;C;5;BG;Bianzano;LO01;1;2015-08-11;454643.00;95401.00;19;6;2;2;3;14;147;5069785.74;569895.26;170;2;2;0.00;0.00;2015-09-21
2015;C0007;C;5;BZ;Nova Ponente;AA01;1;2015-07-16;462627.00;112516.00;25;1;2;2;5;2;23;5145877.26;685975.13;170;1;0;0.00;0.00;2015-09-21
2015;C0027;C;5;BZ;Cortaccia;AA01;3;2015-08-07;461702.00;111050.00;24;1;2;2;6;2;22;5127907.34;667787.75;170;1;0;0.00;0.00;2015-09-21
2015;C0035;C;5;BZ;Meltina;AA01;1;2015-07-22;463520.00;111308.00;20;7;2;2;8;2;22;5162048.90;670037.66;170;1;0;0.00;0.00;2015-09-21
2015;C0042;C;5;BZ;Vanga;AA01;1;2015-07-20;463505.00;112539.00;31;3;2;2;7;2;21;5161744.26;685981.90;170;1;2;0.00;0.00;2015-09-21
2015;C0074;C;5;BZ;Scenna;AA01;1;2015-07-22;464358.00;111329.00;25;8;2;2;6;2;22;5177812.79;669937.83;170;1;0;0.00;0.00;2015-09-21
2015;C0105;C;5;BZ;Prato a. Stelvio;AA01;1;2015-07-21;463558.00;103534.00;28;1;2;3;7;2;22;5161790.94;621927.18;170;1;2;0.00;0.00;2015-09-21
2015;C0111;C;5;BZ;Silandro;AA01;1;2015-07-21;463547.00;104805.00;31;1;2;2;6;2;21;5161805.12;637761.63;170;1;0;0.00;0.00;2015-09-21
2015;C0133;C;5;BZ;Bressanone;AA01;1;2015-08-06;464326.00;113836.00;14;3;2;1;4;2;22;5177846.95;702012.40;170;1;0;0.00;0.00;2015-09-21
2015;C0151;C;5;BZ;Castelrotto;AA01;2;2015-07-23;463449.00;113810.00;26;3;1;2;6;2;22;5161899.53;701972.04;169;1;0;0.00;0.00;2015-09-21
2015;C0170;C;5;BZ;Campo di Trens;AA01;1;2015-08-06;465221.00;112626.00;25;3;2;2;6;2;22;5193845.03;685849.37;170;1;2;0.00;0.00;2015-09-21
2015;C0204;C;5;BZ;S. Martino in Badia;AA01;1;2015-07-23;464308.00;115108.00;31;1;2;7;7;2;21;5177877.28;717971.23;169;1;0;0.00;0.00;2015-09-21
2015;C0217;C;5;BZ;Anterselva;AA01;1;2015-07-24;465126.00;120410.00;31;4;2;2;7;1;11;5193872.87;733970.06;169;1;0;0.00;0.00;2015-09-21
2015;C0236;C;5;BZ;S. Candido;AA01;1;2015-07-24;464228.00;121613.00;31;2;2;7;7;1;12;5177840.67;749888.98;170;1;0;0.00;0.00;2015-09-21
2015;C0041;C;5;UD;Forni Avoltri;FR01;1;2015-08-04;463729.00;124646.00;25;3;3;2;4;2;23;5165857.24;330004.95;170;1;0;0.00;0.00;2015-09-21
2015;C0060;C;5;UD;Zuglio;FR01;1;2015-07-21;462759.00;125852.00;24;3;2;3;3;2;23;5147880.33;344870.56;170;1;2;0.00;0.00;2015-09-21
2015;C0061;C;5;UD;Venzone;FR01;1;2015-07-30;462007.00;131311.00;18;5;2;1;3;8;81;5132870.04;362937.31;170;1;2;0.00;0.00;2015-09-21
2015;C2028;C;5;UD;Forni di Sopra;FR01;1;2015-07-21;462421.00;123536.00;17;9;2;2;4;2;23;5141809.74;314936.97;170;1;2;0.00;0.00;2015-09-21
2015;C2029;C;5;PN;Meduno;FR01;1;2015-08-04;461519.00;124742.00;19;5;1;2;2;12;121;5124774.31;330050.42;170;1;0;0.00;0.00;2015-09-21
2015;C2030;C;5;UD;Taipana;FR01;1;2015-07-22;461526.00;132242.00;15;1;2;3;2;14;141;5123798.29;374921.76;170;1;2;0.00;0.00;2015-09-21
2015;C2031;C;5;UD;Prepotto;FR01;1;2015-07-22;460553.00;133438.00;6;4;2;2;3;14;147;5105812.41;389935.09;170;2;2;0.00;0.00;2015-09-21
2015;C0219;C;5;VR;S. Anna Alfaedo;VE02;1;2015-07-23;453614.00;105610.00;16;8;2;2;8;12;121;5051890.88;650986.29;170;1;2;0.00;0.00;2015-09-28
2015;C0117;C;5;CO;Valsorda;LO02;1;2015-08-18;460308.00;90525.00;23;1;2;1;3;8;85;5099852.08;506904.00;170;1;2;0.00;0.00;2015-09-21
2015;C0119;C;5;CO;Premana;LO02;1;2015-08-28;460305.00;92841.00;31;1;2;2;4;7;72;5099860.15;536929.34;170;2;2;0.00;0.00;2015-09-21
2015;C0150;C;5;CO;Schignano;LO02;1;2015-08-25;455502.00;90524.00;19;2;2;1;3;14;147;5084629.77;506791.18;170;1;2;0.00;0.00;2015-09-21
2015;C0152;C;5;CO;Cremeno;LO02;1;2015-08-26;455459.00;92837.00;26;2;1;1;3;8;85;5084868.38;536986.49;170;1;0;0.00;0.00;2015-09-21
2015;C0184;C;5;LC;Torre dei Busi;LO02;1;2015-08-21;454653.00;92833.00;11;3;2;1;2;11;111;5069904.43;536956.48;170;1;2;0.00;0.00;2015-09-21
2015;C2069;C;5;SI;Torrita di Siena;TO08;1;2015-08-05;430925.00;114433.00;8;2;2;1;2;10;102;4781789.66;722943.78;170;1;0;0.00;0.00;2015-09-22
2015;C2019;C;5;SI;Asciano;TO08;1;2015-08-05;430940.00;113330.00;7;8;2;1;3;10;102;4781799.75;707905.24;170;1;0;0.00;0.00;2015-09-22
2015;C2018;C;5;SI;Casole d'Elsa;TO08;1;2015-08-21;431951.00;111143.00;9;6;2;1;3;10;102;4799788.83;677928.71;170;0;0;0.00;0.00;2015-09-22
2015;C0612;C;5;SI;Sarteano;TO08;1;2015-09-17;425935.00;114832.00;12;1;2;1;3;14;147;4763800.01;728910.25;170;1;0;0.00;0.00;2015-09-22
2015;C2015;C;5;LU;Bagni di Lucca;TO07;1;2015-09-17;431917.00;103930.00;20;8;2;2;2;11;111;4797840.75;634462.52;170;1;2;0.00;0.00;2015-09-22
2015;C2010;C;5;LU;Camporgiano;TO07;1;2015-08-17;440918.00;101716.00;20;5;2;2;2;10;102;4889801.06;602923.70;170;1;2;0.00;0.00;2015-09-22
2015;C0069;C;5;SO;Sondalo;LO05;1;2015-08-05;462029.00;102018.00;31;5;2;2;4;2;21;5132803.31;602960.84;170;1;2;0.00;0.00;2015-09-22
2015;C0094;C;5;SO;Bianzone;LO05;1;2015-08-04;461232.00;100606.00;29;5;1;2;8;1;12;5117802.18;584916.31;170;1;2;0.00;0.00;2015-09-22
2015;C2059;C;5;SO;Campodolcino;LO05;1;2015-08-10;461602.00;92140.00;31;7;2;2;6;2;21;5123801.77;527826.75;170;2;2;0.00;0.00;2015-09-22
2015;C2060;C;5;SO;Valfurva;LO05;1;2015-08-07;462508.00;103205.00;31;6;2;2;7;1;11;5141808.79;617926.78;170;1;2;0.00;0.00;2015-09-22
2015;C2061;C;5;SO;Samolaco;LO05;1;2015-08-10;462545.00;92145.00;20;4;1;3;3;11;111;5141796.49;527851.40;170;1;2;0.00;0.00;2015-09-22
2015;C1072;C;5;CZ;Serra S. Bruno;CL04;1;2015-08-31;383338.00;162115.00;22;7;2;2;5;3;33;4269103.12;618065.35;170;1;0;0.00;0.00;2015-09-25
2015;C1076;C;5;RC;Giffone;CL04;1;2015-08-31;382538.00;161047.00;19;4;2;2;5;8;81;4253828.51;602936.58;170;1;2;0.00;0.00;2015-09-25
2015;C1087;C;5;RC;Samo;CL04;1;2015-08-28;380755.00;155811.00;26;2;1;3;8;7;72;4220775.49;584951.18;170;2;2;0.00;0.00;2015-09-25
2015;C2057;C;5;RC;Gerace;CL04;1;2015-08-31;381903.00;160838.00;19;9;2;1;3;8;84;4241810.41;599804.48;170;1;0;0.00;0.00;2015-09-25
2015;C2058;C;5;RC;Reggio Calabria;CL04;1;2015-08-28;380937.00;154754.00;18;8;2;1;3;14;152;4223811.39;569947.12;170;1;0;0.00;0.00;2015-09-25
2015;C0743;C;5;RM;Roma;LA04;1;2015-08-26;414200.00;122240.00;1;9;2;2;6;15;151;4619826.83;281935.12;170;1;0;0.00;0.00;2015-09-25
2015;C0746;C;5;RM;Artena;LA04;1;2015-08-19;414245.00;125723.00;8;5;2;1;3;10;102;4619819.36;329920.20;170;1;0;0.00;0.00;2015-09-25
2015;C0764;C;5;RM;Carpineto Romano;LA04;1;2015-08-18;413450.00;130826.00;14;3;1;1;2;15;153;4604843.28;344806.03;170;1;0;0.00;0.00;2015-09-25
2015;C0568;C;5;MC;San Severino Marche;MA02;1;2015-07-16;431816.00;130516.00;18;1;2;3;2;14;147;4796399.17;344907.89;170;1;2;0.00;0.00;2015-09-28
2015;C0130;C;5;BL;Fonzaso;VE02;1;2015-08-07;460108.00;114552.00;15;2;2;2;4;2;23;5099862.14;713981.63;170;1;2;0.00;0.00;2015-09-28
2015;C0131;C;5;BL;Lentiai;VE02;1;2015-08-06;460045.00;115925.00;12;8;2;2;3;14;141;5099784.52;731488.39;170;1;2;0.00;0.00;2015-09-28
2015;C0132;C;5;TV;Fregona;VE02;1;2015-08-05;460120.00;122238.00;22;7;2;1;3;8;81;5102280.03;761499.41;170;1;2;0.00;0.00;2015-09-28
2015;C0788;C;5;CB;Cerce Piccola;MO01;1;2015-08-28;412736.00;144119.00;11;4;2;3;2;10;102;4589829.50;473955.55;170;1;2;0.00;0.00;2015-09-28
2015;C0501;C;5;FO;Bagno di Romagna;ER04;1;2015-08-13;435123.00;115057.00;20;1;2;2;4;12;121;4859765.99;728893.35;170;1;2;0.00;0.00;2015-09-28
2015;C0502;C;5;FO;Sarsina;ER04;1;2015-08-10;435118.00;120603.00;12;8;2;2;1;10;102;4860365.94;749112.25;170;1;2;0.00;0.00;2015-09-28
2015;C2032;C;5;FO;Mercato Saraceno;ER04;1;2015-08-10;435745.00;120755.00;11;6;2;2;4;9;92;4872578.87;751284.60;170;1;2;0.00;0.00;2015-09-28
2015;C2013;C;5;FO;Modigliana;ER04;1;2015-08-11;440726.00;114626.00;9;6;2;2;3;9;51;4889374.80;721933.57;170;1;1;0.00;0.00;2015-09-28
2015;C0754;C;5;IS;Bagnoli del Trigno;MO02;1;2015-08-06;414347.00;143025.00;13;4;2;1;8;9;92;4619850.56;458944.67;170;1;2;0.00;0.00;2015-09-28
2015;C2068;C;5;IS;Sesto Campano;MO02;1;2015-08-07;412404.00;135238.00;17;3;2;1;2;10;102;4583893.94;406146.68;170;1;2;0.00;0.00;2015-09-28
2015;C0753;C;5;IS;Carovilli;MO02;2;2015-08-10;414342.00;141726.00;24;2;2;1;8;8;81;4619807.93;440927.80;170;1;2;0.00;0.00;2015-09-28
2015;C0662;C;5;RI;Rieti;LA03;1;2015-07-29;422629.00;125559.00;13;3;2;1;2;12;121;4700812.44;329938.42;170;1;2;0.00;0.00;2015-09-28
2015;C0602;C;5;MC;Sarnano;MA02;1;2015-08-26;430055.00;131907.00;11;5;2;3;2;14;147;4763883.06;362985.33;170;1;0;0.00;0.00;2015-09-28
2015;C0567;C;5;AN;Fabriano;MA02;1;2015-09-02;431820.00;125414.00;13;1;2;1;3;14;147;4796836.77;329949.06;170;1;0;0.00;0.00;2015-09-28
2015;C0601;C;5;MC;Fiordimonte;MA02;1;2015-08-13;430042.00;130553.00;17;1;2;3;2;9;92;4763806.75;344890.33;170;1;0;0.00;0.00;2015-09-28
2015;C0663;C;5;RI;Antrodoco;LA03;1;2015-08-26;422641.00;130655.00;31;1;2;2;3;8;81;4700875.95;345000.79;170;1;0;0.00;0.00;2015-09-28
2015;C2038;C;5;RI;Borgorose;LA03;1;2015-08-27;421250.00;132050.00;16;8;2;2;3;8;81;4674846.76;363578.34;170;1;0;0.00;0.00;2015-09-28
2015;C0482;C;5;PO;Cantagallo;TO09;1;2015-08-21;440207.00;110417.00;18;5;2;2;2;10;102;4877781.16;665924.38;170;1;0;0.00;0.00;2015-09-28
2015;C2016;C;5;PT;Pistoia;TO09;1;2015-07-29;435907.00;105043.00;4;2;2;2;3;11;111;4871784.50;647864.16;170;1;2;0.00;0.00;2015-09-28
2015;C2022;C;5;SS;Padru;SA07;1;2015-09-08;404525.00;93035.00;5;3;2;3;2;6;62;4511845.17;542886.82;170;1;2;0.00;0.00;2015-09-29
2015;C0613;C;5;TR;Parrano;UM02;1;2015-07-14;425125.00;120853.00;10;7;2;1;3;10;102;4748809.76;266940.10;170;1;2;0.00;0.00;2015-09-29
2015;C0631;C;5;PG;Poggiodomo;UM02;1;2015-08-28;424419.00;125523.00;17;3;1;1;3;9;92;4733805.35;329945.13;170;1;2;0.00;0.00;2015-09-29
2015;C0419;C;5;GE;Ceranesi;LI02;1;2015-08-21;442910.00;85141.00;15;6;2;2;3;5;51;4925752.70;488876.67;170;1;2;0.00;0.00;2015-09-29
2015;C0421;C;5;GE;Rezzoaglio;LI02;1;2015-07-17;442909.00;91635.00;21;6;2;1;3;8;81;4925785.82;521909.39;170;1;0;0.00;0.00;2015-09-29
2015;C0422;C;5;GE;S. Stefano d'Aveto;LI02;1;2015-07-21;442906.00;92755.00;29;1;2;2;3;8;81;4925890.84;536925.75;170;1;0;0.00;0.00;2015-09-29
2015;C0443;C;5;GE;Sestri Levante;LI02;1;2015-07-28;441923.00;92750.00;11;8;2;1;4;15;153;4907789.54;536909.48;170;1;2;0.00;0.00;2015-09-29
2015;C0444;C;5;SP;Sesta Godano;LI02;1;2015-07-31;441919.00;94122.00;9;3;1;1;4;11;111;4907804.68;554908.47;170;1;2;0.00;0.00;2015-09-29
2015;C0461;C;5;SP;Bolano;LI02;1;2015-07-27;441108.00;95232.00;2;2;2;1;4;12;121;4892785.20;569911.68;170;1;2;0.00;0.00;2015-09-29
2015;C0617;C;5;PG;Sellano;UM02;1;2015-08-31;425225.00;125507.00;15;3;2;3;4;9;92;4748785.91;329972.20;170;1;2;0.00;0.00;2015-09-29
2015;C2020;C;5;SS;Sassari;SA06;1;2015-09-08;404516.00;81557.00;5;7;2;2;2;15;153;4511735.77;437989.26;170;2;2;0.00;0.00;2015-09-29
2015;C2023;C;5;SS;Budduso;SA06;1;2015-09-17;403539.00;91952.00;15;9;2;2;3;16;161;4493783.26;527941.00;170;1;0;0.00;0.00;2015-09-29
2015;C2024;C;5;SS;Bono;SA06;1;2015-09-17;402602.00;85835.00;16;8;2;1;3;9;92;4475843.90;497930.12;170;2;2;0.00;0.00;2015-09-29
2015;C2021;C;5;SS;Monti;SA07;1;2015-09-29;404528.00;91955.00;12;6;2;2;3;6;62;4511804.14;527872.55;170;1;2;0.00;0.00;2015-09-29
2015;C0327;C;5;BO;S. Benedetto Val di Sambro;ER03;1;2015-07-22;440958.00;111545.00;20;3;2;1;4;8;81;4892807.00;680892.00;10;2;2;0.00;0.00;2015-09-29
2015;C0449;C;5;MO;Palagano;ER03;1;2015-08-17;441843.00;104003.00;23;7;2;1;4;8;81;4907808.45;632891.80;170;1;0;0.00;0.00;2015-09-29
2015;C2011;C;5;BO;Lizzano in Belvedere;ER03;1;2015-08-13;440842.00;105059.00;26;1;2;2;3;8;81;4889813.74;647938.54;170;2;2;0.00;0.00;2015-09-29
2015;C0148;C;5;VA;Cittiglio;LO03;1;2015-09-08;455500.00;83953.00;17;7;2;2;3;11;111;5084790.46;473935.95;170;1;2;0.00;0.00;2015-09-29
2015;C0149;C;5;VA;Cuasso al Monte;LO03;1;2015-09-10;455502.00;85129.00;17;3;2;3;3;14;111;5084851.05;488915.57;170;1;0;0.00;0.00;2015-09-29
2015;C0343;C;5;PV;Rocca Susella;LO03;1;2015-09-17;445505.00;90519.00;9;1;2;1;4;11;111;4973851.30;506993.86;170;2;2;0.00;0.00;2015-09-29
2015;C0370;C;5;PV;Brallo di Pregola;LO03;1;2015-09-28;444521.00;91640.00;21;7;2;1;3;8;81;4955807.12;521896.14;170;1;1;0.00;0.00;2015-09-29
2015;C0162;C;5;VI;Gallio;VE01;1;2015-07-17;455319.00;113353.00;19;5;2;2;4;2;22;5084798.30;698927.70;170;1;2;0.00;0.00;2015-09-29
2015;C0047;C;5;SO;Livigno;LO05;1;2015-08-05;462844.00;100626.00;31;1;2;2;8;1;11;5147834.69;584936.83;170;1;2;0.00;0.00;2015-09-29
2015;C0048;C;5;SO;Valdidentro;LO05;1;2015-08-07;462835.00;102030.00;31;1;1;2;5;2;22;5147804.04;602923.50;170;1;2;0.00;0.00;2015-09-29
2015;C0095;C;5;BS;Monno;LO05;1;2015-08-25;461223.00;102006.00;25;7;2;3;8;2;21;5117841.91;602921.97;170;1;2;0.00;0.00;2015-09-29
2015;C2033;C;5;PG;Gubbio;UM01;1;2015-08-27;432709.00;122550.00;14;7;1;1;2;10;102;4814273.20;292108.35;170;1;1;170.00;0.00;2015-09-29
2015;C0596;C;5;PG;Panicale;UM01;1;2015-08-07;425930.00;120831.00;8;3;2;1;2;10;102;4763791.69;266927.08;170;1;2;0.00;0.00;2015-09-29
2015;C0548;C;5;PG;Citta' di Castello;UM01;1;2015-08-28;432541.00;121824.00;13;8;2;2;2;10;102;4811818.47;281915.64;170;1;2;0.00;0.00;2015-09-29
2015;C2034;C;5;PG;Giano dell'Umbria;UM01;1;2015-07-27;425025.00;123618.00;12;3;1;1;2;10;102;4745860.47;304278.23;170;1;2;0.00;0.00;2015-09-29
2015;C0564;C;5;PG;Umbertide;UM01;1;2015-08-26;431735.00;121846.00;6;4;2;3;2;10;102;4796801.82;281933.96;170;1;2;0.00;0.00;2015-09-29
2015;C0580;C;5;PG;Corciano;UM01;1;2015-08-03;430929.00;121907.00;7;1;2;1;2;9;92;4781848.20;281853.58;170;1;2;0.00;0.00;2015-09-29
2015;C0600;C;5;MC;Serravalle del C.;MA02;1;2015-07-09;430031.00;125450.00;20;6;2;3;3;10;102;4763803.81;329938.25;170;1;0;0.00;0.00;2015-09-29
2015;C1110;C;5;PA;Pollina;SI04;1;2015-08-04;375951.00;140926.00;11;2;2;2;3;16;161;4205713.33;425973.93;170;1;2;0.00;0.00;2015-09-30
2015;C1164;C;5;EN;Piazza Armerina;SI04;1;2015-09-26;372414.00;142000.00;16;4;2;3;2;17;171;4139987.73;440847.45;170;1;2;0.00;0.00;2015-09-30
2015;C1127;C;5;EN;Nicosia;SI04;1;2015-08-07;375011.00;141946.00;23;6;2;3;2;5;51;4187774.88;440865.02;170;1;2;0.00;0.00;2015-09-30
2015;C1181;C;5;SR;Buccheri;SI04;1;2015-09-10;370807.00;145234.00;15;2;2;2;3;9;92;4109677.18;489007.83;170;0;0;0.00;0.00;2015-09-30
2015;C0417;C;5;SV;Dego;LI02;1;2015-08-17;442901.00;81529.00;10;1;2;2;2;11;111;4925805.36;440897.76;170;1;0;0.00;0.00;2015-09-30
2015;C0442;C;5;SV;Pallare;LI02;1;2015-08-13;441918.00;81536.00;13;2;2;3;2;11;111;4907793.40;440918.99;170;1;0;0.00;0.00;2015-09-30
2015;C0475;C;5;IM;Pieve di Teco;LI02;1;2015-08-14;440255.00;75320.00;10;2;1;3;3;9;92;4877809.73;410964.15;170;1;2;0.00;0.00;2015-09-30
2015;C0476;C;5;SV;Casanova Lerrone;LI02;1;2015-07-31;440301.00;80434.00;6;1;2;2;2;12;121;4877775.86;425897.94;170;2;2;0.00;0.00;2015-09-30
2015;C1190;C;5;IM;Pietrabruna;LI02;1;2015-08-11;435311.00;75331.00;8;4;2;2;2;9;92;4859797.54;410926.82;170;1;0;0.00;0.00;2015-09-30
2015;C1122;C;5;PA;Corleone;SI04;1;2015-07-17;374941.00;132635.00;14;4;2;6;4;7;63;4187624.96;362970.15;170;1;2;0.00;0.00;2015-09-30
2015;C2005;C;5;SV;Urbe;LI02;1;2015-07-24;442904.00;83546.00;13;6;2;2;4;11;111;4925792.04;467910.00;170;1;0;0.00;0.00;2015-09-30
2015;C0155;C;5;BG;Castione d. Presolana;LO01;1;2015-09-01;455443.00;100545.00;29;8;2;2;2;2;22;5084847.79;584987.26;11;1;0;0.00;0.00;2015-09-30
2015;C0185;C;5;BG;Zogno;LO01;1;2015-08-28;454648.00;94226.00;18;8;2;1;2;8;84;5069818.90;554914.83;170;1;2;0.00;0.00;2015-09-30
2015;C2026;C;5;NU;Villagrande;SA01;1;2015-09-11;395629.00;93012.00;12;1;2;1;4;15;151;4421373.25;543001.19;170;1;0;0.00;0.00;2015-09-30
2015;C0962;C;5;SA;Casaletto Spartano;CM03;1;2015-09-01;400941.00;153844.00;18;4;2;3;3;15;154;4445811.87;554940.46;170;1;2;0.00;0.00;2015-09-30
2015;C0961;C;5;SA;Piaggine;CM03;1;2015-09-04;401751.00;152607.00;31;1;2;2;3;8;85;4460869.38;536896.34;170;1;1;0.00;0.00;2015-09-30
2015;C0943;C;5;SA;Capaccio;CM03;1;2015-09-02;402601.00;150457.00;17;6;2;2;8;15;152;4475838.51;506883.30;170;1;2;0.00;0.00;2015-09-30
2015;C0128;C;5;TN;Levico;TR02;1;2015-08-20;460142.00;112019.00;21;6;1;1;2;9;92;5099829.73;680948.53;170;1;2;0.00;0.00;2015-09-30
2015;C0157;C;5;TN;Condino;TR02;1;2015-09-02;455426.00;103117.00;31;2;2;2;8;1;13;5084810.91;617936.23;170;1;2;0.00;0.00;2015-09-30
2015;C0158;C;5;TN;Concei;TR02;1;2015-08-14;455417.00;104253.00;24;4;2;2;4;8;81;5084815.82;632911.55;170;1;2;0.00;0.00;2015-09-30
2015;C0160;C;5;TN;Folgaria;TR02;1;2015-08-07;455351.00;110823.00;23;7;2;2;8;2;23;5084805.22;665917.97;170;1;2;0.00;0.00;2015-09-30
2015;C0901;C;5;SA;Sicignano degli Alburni;CM03;1;2015-08-24;403543.00;151535.00;4;2;2;1;2;9;92;4493831.88;521926.44;170;1;2;0.00;0.00;2015-10-01
2015;C2027;C;5;NU;Genoni;SA01;1;2015-07-23;394709.00;85836.00;7;8;2;6;8;9;92;4403987.51;498002.07;170;1;0;0.00;0.00;2015-10-01
2015;C0633;C;5;AP;Arquata del T.;MA01;1;2015-07-20;424442.00;131934.00;27;8;2;2;3;8;85;4733833.33;362962.01;170;1;0;0.00;0.00;2015-10-01
2015;C0730;C;5;FR;Filettino;LA01;1;2015-08-21;415251.00;132056.00;29;6;2;1;4;8;84;4637863.40;363001.98;170;1;0;0.00;0.00;2015-10-01
2015;C2044;C;5;FR;Campoli Appennino;LA01;1;2015-08-20;414350.00;133850.00;9;4;1;2;3;9;92;4620744.97;387493.57;170;1;0;0.00;0.00;2015-10-01
2015;C0749;C;5;FR;Sora;LA01;1;2015-08-27;414317.00;133200.00;16;5;1;3;2;9;92;4619865.95;377998.50;170;1;0;0.00;0.00;2015-10-01
2015;C0452;C;5;BO;Marzabotto;ER03;1;2015-08-23;441805.00;111608.00;7;6;2;1;3;9;92;4907851.79;680984.02;0;2;2;0.00;0.00;2015-10-01
2015;C0426;C;5;PR;Palanzano;ER02;1;2015-08-26;442843.00;101742.00;11;3;2;1;3;12;121;4925807.13;602922.92;170;1;2;0.00;0.00;2015-10-02
2015;C0398;C;5;PR;Bardi;ER02;1;2015-08-13;443708.00;94135.00;10;1;2;1;2;9;94;4940789.16;554910.74;170;1;2;0.00;0.00;2015-10-02
2015;C0399;C;5;PR;Varsi;ER02;1;2015-08-13;443704.00;95256.00;11;5;2;1;2;9;91;4940798.39;569930.33;170;1;2;0.00;0.00;2015-10-02
2015;C0423;C;5;PR;Albareto;ER02;1;2015-08-07;442902.00;94129.00;9;9;2;1;2;13;137;4925779.37;554897.62;170;1;2;0.00;0.00;2015-10-02
2015;C0424;C;5;PR;Borgo Val di Taro;ER02;1;2015-08-05;442858.00;95248.00;22;2;2;2;3;8;81;4925799.81;569895.48;170;1;2;0.00;0.00;2015-10-02
2015;C0448;C;5;RE;Villa Minozzo;ER02;1;2015-08-20;441852.00;102846.00;21;8;2;2;3;8;81;4907946.34;617917.39;170;1;2;0.00;0.00;2015-10-02
2015;C0884;C;5;BA;Noci;PU01;1;2015-09-01;404239.00;170833.00;9;9;2;1;2;9;94;4508797.68;680935.19;170;1;2;0.00;0.00;2015-10-02
2015;C0723;C;5;FG;Peschici;PU01;1;2015-07-25;415318.00;160128.00;4;4;2;1;8;12;121;4637797.49;584911.03;170;1;2;0.00;0.00;2015-10-02
2015;C0741;C;5;FG;S. Marco in Lamis;PU01;1;2015-08-12;414344.00;153940.00;18;8;2;2;3;10;102;4619794.01;554931.60;170;1;2;0.00;0.00;2015-10-02
2015;C0742;C;5;FG;M.San Angelo;PU01;1;2015-08-01;414339.00;155029.00;15;6;2;6;4;15;153;4619809.82;569938.05;170;1;2;0.00;0.00;2015-10-02
2015;C0721;C;5;FG;Cagnano Varano;PU01;2;2015-07-24;415144.00;153943.00;2;1;1;2;2;10;102;4634810.89;554943.15;170;1;2;0.00;0.00;2015-10-02
2015;C2070;C;5;AQ;Rocca di Mezzo;AB02;1;2015-08-18;421220.00;132905.00;31;3;2;1;4;8;84;4673810.71;374937.94;170;1;1;0.00;0.00;2015-10-02
2015;C0634;C;5;TE;Valle Castellana;AB02;1;2015-08-31;424451.00;133033.00;14;7;1;1;2;11;111;4733776.23;377943.56;170;1;2;0.00;0.00;2015-10-02
2015;C2042;C;5;AQ;Civita d'Antino;AB02;1;2015-08-17;415254.00;132934.00;25;6;2;2;4;8;84;4637803.36;374944.23;170;1;0;0.00;0.00;2015-10-02
2015;C2040;C;5;AQ;Pereto;AB02;1;2015-08-20;420219.00;130735.00;25;8;2;1;4;8;84;4655820.65;344969.21;170;1;0;0.00;0.00;2015-10-02
2015;C1009;C;5;CS;Cetraro;CL03;1;2015-08-04;393352.00;155922.00;14;8;2;3;3;14;143;4379884.10;584993.65;170;1;2;0.00;0.00;2015-10-02
2015;C0803;C;5;BN;Faicchio;CM01;1;2015-07-31;411750.00;143037.00;23;4;1;1;2;12;121;4571804.64;458936.99;37;1;2;0.00;0.00;2015-10-02
2015;C0871;C;5;AV;Moschiano;CM01;1;2015-08-05;405156.00;144129.00;1;3;2;1;2;11;111;4523813.83;473950.97;52;0;0;0.00;0.00;2015-10-02
2015;C0872;C;5;AV;Serino;CM01;1;2015-08-14;405157.00;145210.00;7;4;2;1;2;7;72;4523802.77;488921.70;170;1;2;0.00;0.00;2015-10-02
2015;C0900;C;5;SA;Acerno;CM01;1;2015-08-19;404351.00;150458.00;23;8;2;1;3;8;85;4508827.56;507013.81;170;1;0;0.00;0.00;2015-10-02
2015;C2046;C;5;CE;Formicola;CM01;1;2015-08-21;411423.00;141343.00;16;4;2;3;3;10;102;4565765.00;434830.29;170;1;2;0.00;0.00;2015-10-02
2015;C0664;C;5;AQ;Pizzoli;AB02;1;2015-07-28;422653.00;132002.00;25;6;2;1;3;9;92;4700783.02;362925.38;170;1;2;0.00;0.00;2015-10-05
2015;C2039;C;5;AQ;Acciano;AB02;1;2015-07-29;421228.00;134000.00;16;6;1;2;3;9;92;4673777.53;389906.36;170;1;2;0.00;0.00;2015-10-05
2015;C0425;C;5;RE;Carpineti;ER02;1;2015-08-20;442835.00;100901.00;14;8;2;2;3;13;137;4925430.00;591482.00;0;1;2;0.00;0.00;2015-10-05
2015;C0483;C;5;FI;Barberino di Mugello;TO02;1;2015-08-08;440154.00;111531.00;10;6;2;1;4;5;51;4877789.97;680907.12;170;1;0;0.00;0.00;2015-10-05
2015;C0484;C;5;FI;Borgo S. Lorenzo;TO02;1;2015-08-28;440137.00;112859.00;19;2;2;1;2;8;82;4877833.58;698927.50;170;1;0;0.00;0.00;2015-10-05
2015;C0512;C;5;FI;Vaglia;TO02;1;2015-08-04;435211.00;111509.00;9;3;2;1;5;7;71;4859798.19;680909.23;170;1;0;0.00;0.00;2015-10-05
2015;C0525;C;5;FI;Montaione;TO02;1;2015-08-06;433623.00;105215.00;3;3;2;1;3;10;102;4829815.03;650914.49;170;1;0;0.00;0.00;2015-10-05
2015;C2012;C;5;FI;Palazzuolo sul Senio;TO02;1;2015-08-12;440758.00;113600.00;16;5;1;1;3;9;92;4889830.17;707922.07;170;1;0;0.00;0.00;2015-10-05
2015;C0464;C;5;LU;Castiglione di Garfagnana;TO07;1;2015-09-22;441046.00;102834.00;24;3;2;2;8;8;81;4892797.72;617905.20;170;1;2;0.00;0.00;2015-10-06
2015;C0368;C;5;AL;Cassano Spinola;PI03;1;2015-08-29;444522.00;85139.00;5;8;2;1;3;14;147;4955799.43;488901.60;170;1;0;0.00;0.00;2015-10-08
2015;C0391;C;5;AT;S. Giorgio Scarampi;PI03;1;2015-08-27;443707.00;81522.00;10;2;1;2;8;9;94;4940901.99;440976.00;170;1;0;0.00;0.00;2015-10-08
2015;C0392;C;5;AL;Grognardo;PI03;1;2015-08-27;443712.00;82859.00;8;7;2;2;2;9;92;4940813.79;458934.67;170;1;0;0.00;0.00;2015-10-08
2015;C0393;C;5;AL;Belforte Monferrato;PI03;1;2015-08-27;443714.00;84020.00;8;8;1;2;2;9;94;4940967.73;474228.43;170;1;0;0.00;0.00;2015-10-08
2015;C0394;C;5;AL;Voltaggio;PI03;1;2015-08-29;443716.00;85140.00;11;6;2;1;2;9;94;4940833.30;488894.58;170;1;0;0.00;0.00;2015-10-08
2015;C0902;C;5;SA;Salvitelle;CM01;3;2015-09-11;403542.00;152614.00;11;8;1;1;1;9;92;4493790.35;536919.22;170;1;2;0.00;0.00;2015-10-09
2015;C0751;C;5;AQ;Barrea;AB01;1;2015-08-21;414332.00;135547.00;31;8;2;6;5;8;84;4619876.23;411149.37;116;1;0;0.00;0.00;2015-10-12
2015;C2043;C;5;AQ;Scanno;AB01;1;2015-08-25;415309.00;135115.00;31;3;2;3;4;8;84;4637814.47;404933.26;170;1;0;0.00;0.00;2015-10-12
2015;C2036;C;5;PE;Civitella Casanuova;AB01;1;2015-08-27;422220.00;135043.00;16;6;2;6;2;9;92;4691625.59;405084.80;170;1;0;0.00;0.00;2015-10-12
2015;C0736;C;5;CH;Fraine;AB01;1;2015-08-19;415330.00;143020.00;15;8;2;1;2;10;102;4637819.25;458926.89;170;1;0;0.00;0.00;2015-10-12
2015;C0732;C;5;AQ;Lecce nei Marsi;AB01;1;2015-08-20;415308.00;134237.00;30;8;2;2;5;8;84;4637799.85;392929.01;170;1;0;0.00;0.00;2015-10-12
2015;C0697;C;5;PE;Salle;AB01;1;2015-08-31;420929.00;135521.00;27;2;2;2;5;7;55;4667825.57;410927.45;54;1;0;0.00;0.00;2015-10-12
2015;C2041;C;5;AQ;Pacentro;AB01;1;2015-08-27;420259.00;140158.00;19;2;2;3;5;5;55;4655749.37;419958.95;153;1;0;0.00;0.00;2015-10-12
2015;C0514;C;5;AR;Castel S. Niccolo';TO01;1;2015-09-01;434333.00;113924.00;16;4;2;2;2;10;105;4844852.71;713977.77;0;1;2;0.00;0.00;2015-10-20
2015;C2067;C;5;LU;Pescaglia;TO07;1;2015-08-28;435927.00;102817.00;15;4;2;1;3;14;147;4871804.34;617920.62;170;1;2;0.00;0.00;2015-10-20
2015;C0254;C;5;TO;Pertusio;PI01;1;2015-08-28;452031.00;73803.00;8;6;2;1;3;9;93;5021774.32;392897.73;170;1;0;0.00;0.00;2015-10-27
2015;C0255;C;5;TO;Mercenasco;PI01;1;2015-08-28;452040.00;75150.00;7;1;2;2;2;11;111;5021842.73;410995.25;170;1;0;0.00;0.00;2015-10-27
2015;C0279;C;5;TO;Novalesa;PI01;1;2015-09-03;451016.00;70139.00;21;8;2;1;3;8;82;5003774.79;344934.21;170;1;0;0.00;0.00;2015-10-27
2015;C0305;C;5;TO;Oulx;PI01;1;2015-08-21;450158.00;65030.00;23;1;2;3;3;1;12;4988761.36;329948.97;170;1;0;0.00;0.00;2015-10-27
2015;C0306;C;5;TO;Usseaux;PI01;1;2015-08-26;450210.00;70156.00;28;2;2;2;4;1;12;4988808.29;344906.44;170;1;2;0.00;0.00;2015-10-27
2015;C0334;C;5;TO;Porte;PI01;1;2015-08-25;445418.00;71552.00;19;6;2;2;2;11;111;4973710.96;362954.33;170;1;0;0.00;0.00;2015-10-27
2015;C2001;C;5;TO;Borgone di Susa;PI01;1;2015-09-03;450708.00;71527.00;12;5;2;2;3;9;92;4997779.42;362930.46;170;1;0;0.00;0.00;2015-10-27
2015;C2002;C;5;TO;Almese;PI01;1;2015-09-04;450621.00;72654.00;16;4;2;2;3;4;42;4995878.35;377930.31;170;1;0;0.00;0.00;2015-10-27
2015;C2004;C;5;TO;Bobbio Pellice;PI01;1;2015-08-25;444732.00;70446.00;24;1;2;2;3;8;82;4961663.51;348084.52;170;1;0;0.00;0.00;2015-10-27
2015;C0049;C;5;TN;Fondo;TR01;1;2015-08-19;462751.00;110943.00;28;3;2;2;8;1;12;5147844.67;665944.43;170;1;2;0.00;0.00;2015-10-28
2015;C0052;C;5;TN;Canazei;TR01;1;2015-09-03;462703.00;114711.00;31;8;2;3;8;1;14;5147810.94;713867.22;170;1;2;0.00;0.00;2015-10-28
2015;C0071;C;5;TN;Pejo;TR01;1;2015-08-13;462012.00;104341.00;31;6;1;2;8;2;23;5132905.62;632992.57;170;1;2;0.00;0.00;2015-10-28
2015;C0072;C;5;TN;Cles;TR01;1;2015-08-22;461957.00;105742.00;31;8;3;4;8;2;22;5132773.72;650905.33;170;1;2;0.00;0.00;2015-10-28
2015;C0073;C;5;TN;Coredo;TR01;1;2015-08-12;461946.00;110924.00;28;2;2;2;4;3;34;5132869.67;665902.60;170;1;2;0.00;0.00;2015-10-28
2015;C0075;C;5;TN;Predazzo;TR01;1;2015-08-29;461914.00;113506.00;30;3;1;3;6;2;22;5132780.03;699011.16;170;1;2;0.00;0.00;2015-10-28
2015;C0076;C;5;TN;Tonadico;TR01;1;2015-08-29;461856.00;114646.00;31;1;2;2;8;2;21;5132795.89;713906.19;170;1;2;0.00;0.00;2015-10-28
2015;C0099;C;5;TN;Faedo;TR01;1;2015-08-12;461140.00;110905.00;10;8;3;1;8;14;146;5117816.45;665833.32;170;1;2;0.00;0.00;2015-10-28
2015;C0086;C;5;VB;Varzo;PI04;1;2015-09-04;461242.00;81406.00;12;7;2;1;2;13;137;5117813.07;440892.32;170;1;2;0.00;0.00;2015-11-03
2015;C0114;C;5;VB;Villadossola;PI04;1;2015-09-02;460259.00;81414.00;24;4;2;2;3;8;85;5099649.82;440883.22;170;1;2;0.00;0.00;2015-11-03
2015;C0116;C;5;VB;Cannobio;PI04;1;2015-09-22;460306.00;83950.00;16;2;2;1;2;8;85;5099782.69;473925.78;170;1;2;0.00;0.00;2015-11-03
2015;C0147;C;5;VB;Baveno;PI04;1;2015-09-09;455458.00;82816.00;17;7;1;2;3;14;147;5084764.96;458898.19;170;1;2;0.00;0.00;2015-11-03
2015;C0179;C;5;NO;Invorio;PI04;1;2015-09-05;454652.00;82821.00;11;8;2;3;2;13;137;5069832.68;458839.03;170;1;2;0.00;0.00;2015-11-03
2015;C0575;C;5;GR;Montieri;TO03;1;2015-09-18;431017.00;112231.00;10;7;2;6;2;10;102;4782586.43;693069.62;170;1;0;0.00;0.00;2015-11-09
2015;C0607;C;5;GR;Scarlino;TO03;3;2015-09-18;425239.00;105055.00;7;8;1;6;2;15;153;4748781.53;650911.76;170;1;0;0.00;0.00;2015-11-09
2015;C0611;C;5;GR;Santa Fiora;TO03;1;2015-09-10;425145.00;113710.00;23;6;2;2;3;8;81;4748824.68;713922.68;170;1;0;0.00;0.00;2015-11-09
2015;C0624;C;5;GR;Scansano;TO03;1;2015-09-17;424354.00;112550.00;13;3;2;6;2;10;102;4733799.91;698906.30;170;1;0;0.00;0.00;2015-11-09
2015;C2037;C;5;VT;Blera;LA05;1;2015-09-09;421100.00;120300.00;30;4;1;3;2;10;102;4674345.26;256379.80;170;1;0;0.00;0.00;2015-11-24
2015;C0572;C;5;LI;Castagneto Carducci;TO04;1;2015-08-31;431040.00;103810.00;3;8;2;3;3;15;152;4781781.58;632942.82;78;1;0;0.00;0.00;2015-11-24
